{
  "16cf4890c06": {
    "path": "TrainTitle.ts",
    "class": "TrainTitle",
    "parentPath": ""
  },
  "16cf594c243": {
    "path": "CTitle.ts",
    "class": "CTitle",
    "parentPath": "",
    "guideLinesEnabled": false,
    "backgroundX": 0,
    "backgroundY": 0,
    "backgroundWidth": -1,
    "backgroundHeight": -1,
    "useBgImage": true,
    "useBgColor": true,
    "backgroundAlpha": 100
  },
  "16cf76511a8": {
    "path": "component\\RadarPanel.ts",
    "class": "RadarPanel",
    "parentPath": ""
  },
  "16cf7a8c70a": {
    "path": "component\\RankItemTemplate.ts",
    "class": "RankItemTemplate",
    "parentPath": ""
  },
  "16cf7df81ab": {
    "path": "component\\RankItemTeamTemplate.ts",
    "class": "RankItemTeamTemplate",
    "parentPath": ""
  },
  "16cfd1ec6ee": {
    "path": "component\\TrainSummary.ts",
    "class": "TrainSummary",
    "parentPath": ""
  },
  "16d017a4f6c": {
    "path": "component\\SearchInput.ts",
    "class": "SearchInput",
    "parentPath": ""
  }
}