{
	"groups": [
		{
			"keys": "MyFont_ttf,description_json,home_item_01_png,home_item_02_png,home_item_03_png,home_arrow_png,bg_png,share_tips_android_jpg,share_arrow_png,share_tips_jpg,info_bg_png,avatar_border_png,line_png,border_png,calendar_png,process_6_png,process_7_png,process_8_png,process_1_png,process_2_png,process_3_png,process_4_png,process_5_png,process_0_png,radar_bg_png,lock_png,fight_png,button_png,alert_border_png,close_png,rule_line_png,flag_png,rule_line2_png,cone_png,train_icon_01_png,train_icon_02_png,train_icon_03_png,train_icon_04_png,train_line_01_png,train_line_03_png,train_line_02_png,icon_next_png,icon_favor_png,icon_save_png,icon_share_png,level_title_png,level_panel_01_png,level_panel_02_png,level_panel_03_png,level_panel_04_png,level_panel_05_png,level_panel_06_png,level_panel_07_png,level_panel_08_png,level_panel_lock_01_png,level_panel_lock_02_png,level_panel_lock_03_png,level_panel_lock_04_png,level_panel_lock_05_png,level_panel_lock_06_png,level_panel_lock_07_png,level_panel_lock_08_png,process_done_png,process_undone_png,answer_title_bg_png,bg_with_title_png,notice_png,option_error_png,option_normal_png,option_select_png,icon_err_png,icon_ok_png,icon_fail_png,icon_pass_png,icon_remove_png,rank_area_arrow_png,rank_arrow_png,rank_icon_png,rank_line_png,rank_platform_png,rank_platform_line_png,rank_item_bg_png,favor_bg_png,equip_bg_mp4_png,equip_bg_pdf_png,equip_icon_01_png,equip_icon_02_png,equip_icon_03_png,equip_icon_04_png,ad_bg_png,equipment_bg_png,home_bg_png,train_bg_png,level_bg_png,sign_bg_png,sign_mark_png,ad_arrow_png,icon_favor_not_png,play_png,pause_png,equip_bg_img_png,level_panel_pass_01_png,level_panel_pass_02_png,level_panel_pass_03_png,level_panel_pass_04_png,level_panel_pass_05_png,level_panel_pass_06_png,level_panel_pass_07_png,level_panel_pass_08_png,E_png,N_png,S_png,rank_bg_png,user_title_png,rule_border_png,timer_bg_png,rank_button_png,rank_pk_icon_png,item_04_png,pk_btn_png,pk_person_png,pk_team_png,pk_time_bg_png,pk_cancel_png,pk_avatar_left_png,pk_avatar_right_png,pk_vs_png,pk_line_png,pk_end_wait_png,pk_notice_bg_png,mask_png,loading_png",
			"name": "preload"
		},
		{
			"keys": "config_json",
			"name": "1132"
		},
		{
			"keys": "tiku_json",
			"name": "1132_tiku"
		},
		{
			"keys": "model_select_mp3,answer_err3_mp3,answer_ok_mp3,nopass_mp3,pass_mp3,bg_mp3",
			"name": "music"
		}
	],
	"resources": [
		{
			"url": "font/font.ttf",
			"type": "ttf",
			"name": "MyFont_ttf"
		},
		{
			"url": "config/description.json",
			"type": "json",
			"name": "description_json"
		},
		{
			"url": "brand/config.json",
			"type": "json",
			"name": "config_json"
		},
		{
			"url": "brand/tiku.json",
			"type": "json",
			"name": "tiku_json"
		},
		{
			"url": "music/model_select.mp3",
			"type": "sound",
			"name": "model_select_mp3"
		},
		{
			"url": "music/answer_err3.mp3",
			"type": "sound",
			"name": "answer_err3_mp3"
		},
		{
			"url": "music/answer_ok.mp3",
			"type": "sound",
			"name": "answer_ok_mp3"
		},
		{
			"url": "music/nopass.mp3",
			"type": "sound",
			"name": "nopass_mp3"
		},
		{
			"url": "music/pass.mp3",
			"type": "sound",
			"name": "pass_mp3"
		},
		{
			"url": "music/bg.mp3",
			"type": "sound",
			"name": "bg_mp3"
		},
		{
			"url": "assets/home/item_01.png",
			"type": "image",
			"name": "home_item_01_png"
		},
		{
			"url": "assets/home/item_02.png",
			"type": "image",
			"name": "home_item_02_png"
		},
		{
			"url": "assets/home/item_03.png",
			"type": "image",
			"name": "home_item_03_png"
		},
		{
			"url": "assets/home/arrow.png",
			"type": "image",
			"name": "home_arrow_png"
		},
		{
			"url": "assets/bg/bg.png",
			"type": "image",
			"name": "bg_png",
			"scale9grid": "0,455,0,538"
		},
		{
			"url": "assets/share_tips_android.jpg",
			"type": "image",
			"name": "share_tips_android_jpg"
		},
		{
			"url": "assets/share_arrow.png",
			"type": "image",
			"name": "share_arrow_png"
		},
		{
			"url": "assets/share_tips.jpg",
			"type": "image",
			"name": "share_tips_jpg"
		},
		{
			"url": "assets/user/info_bg.png",
			"type": "image",
			"name": "info_bg_png",
			"scale9grid": "0,153,0,7"
		},
		{
			"url": "assets/user/avatar_border.png",
			"type": "image",
			"name": "avatar_border_png"
		},
		{
			"url": "assets/user/line.png",
			"type": "image",
			"name": "line_png",
			"scale9grid": "40,0,106,0"
		},
		{
			"url": "assets/user/border.png",
			"type": "image",
			"name": "border_png",
			"scale9grid": "30,30,542,70"
		},
		{
			"url": "assets/user/calendar.png",
			"type": "image",
			"name": "calendar_png"
		},
		{
			"url": "assets/user/process_6.png",
			"type": "image",
			"name": "process_6_png"
		},
		{
			"url": "assets/user/process_7.png",
			"type": "image",
			"name": "process_7_png"
		},
		{
			"url": "assets/user/process_8.png",
			"type": "image",
			"name": "process_8_png"
		},
		{
			"url": "assets/user/process_1.png",
			"type": "image",
			"name": "process_1_png"
		},
		{
			"url": "assets/user/process_2.png",
			"type": "image",
			"name": "process_2_png"
		},
		{
			"url": "assets/user/process_3.png",
			"type": "image",
			"name": "process_3_png"
		},
		{
			"url": "assets/user/process_4.png",
			"type": "image",
			"name": "process_4_png"
		},
		{
			"url": "assets/user/process_5.png",
			"type": "image",
			"name": "process_5_png"
		},
		{
			"url": "assets/user/process_0.png",
			"type": "image",
			"name": "process_0_png"
		},
		{
			"url": "assets/user/radar_bg.png",
			"type": "image",
			"name": "radar_bg_png"
		},
		{
			"url": "assets/user/lock.png",
			"type": "image",
			"name": "lock_png"
		},
		{
			"url": "assets/user/fight.png",
			"type": "image",
			"name": "fight_png"
		},
		{
			"url": "assets/user/button.png",
			"type": "image",
			"name": "button_png"
		},
		{
			"url": "assets/alert/alert_border.png",
			"type": "image",
			"name": "alert_border_png",
			"scale9grid": "73,52,323,58"
		},
		{
			"url": "assets/alert/close.png",
			"type": "image",
			"name": "close_png"
		},
		{
			"url": "assets/rule/rule_line.png",
			"type": "image",
			"name": "rule_line_png",
			"scale9grid": "201,0,215,0"
		},
		{
			"url": "assets/rule/flag.png",
			"type": "image",
			"name": "flag_png"
		},
		{
			"url": "assets/rule/rule_line2.png",
			"type": "image",
			"name": "rule_line2_png"
		},
		{
			"url": "assets/train/cone.png",
			"type": "image",
			"name": "cone_png"
		},
		{
			"url": "assets/train/train_icon_01.png",
			"type": "image",
			"name": "train_icon_01_png"
		},
		{
			"url": "assets/train/train_icon_02.png",
			"type": "image",
			"name": "train_icon_02_png"
		},
		{
			"url": "assets/train/train_icon_03.png",
			"type": "image",
			"name": "train_icon_03_png"
		},
		{
			"url": "assets/train/train_icon_04.png",
			"type": "image",
			"name": "train_icon_04_png"
		},
		{
			"url": "assets/train/train_line_01.png",
			"type": "image",
			"name": "train_line_01_png"
		},
		{
			"url": "assets/train/train_line_03.png",
			"type": "image",
			"name": "train_line_03_png"
		},
		{
			"url": "assets/train/train_line_02.png",
			"type": "image",
			"name": "train_line_02_png"
		},
		{
			"url": "assets/icon/icon_next.png",
			"type": "image",
			"name": "icon_next_png"
		},
		{
			"url": "assets/icon/icon_favor.png",
			"type": "image",
			"name": "icon_favor_png"
		},
		{
			"url": "assets/icon/icon_save.png",
			"type": "image",
			"name": "icon_save_png"
		},
		{
			"url": "assets/icon/icon_share.png",
			"type": "image",
			"name": "icon_share_png"
		},
		{
			"url": "assets/train_level/level_title.png",
			"type": "image",
			"name": "level_title_png"
		},
		{
			"url": "assets/train_level/level_panel_01.png",
			"type": "image",
			"name": "level_panel_01_png"
		},
		{
			"url": "assets/train_level/level_panel_02.png",
			"type": "image",
			"name": "level_panel_02_png"
		},
		{
			"url": "assets/train_level/level_panel_03.png",
			"type": "image",
			"name": "level_panel_03_png"
		},
		{
			"url": "assets/train_level/level_panel_04.png",
			"type": "image",
			"name": "level_panel_04_png"
		},
		{
			"url": "assets/train_level/level_panel_05.png",
			"type": "image",
			"name": "level_panel_05_png"
		},
		{
			"url": "assets/train_level/level_panel_06.png",
			"type": "image",
			"name": "level_panel_06_png"
		},
		{
			"url": "assets/train_level/level_panel_07.png",
			"type": "image",
			"name": "level_panel_07_png"
		},
		{
			"url": "assets/train_level/level_panel_08.png",
			"type": "image",
			"name": "level_panel_08_png"
		},
		{
			"url": "assets/train_level/level_panel_lock_01.png",
			"type": "image",
			"name": "level_panel_lock_01_png"
		},
		{
			"url": "assets/train_level/level_panel_lock_02.png",
			"type": "image",
			"name": "level_panel_lock_02_png"
		},
		{
			"url": "assets/train_level/level_panel_lock_03.png",
			"type": "image",
			"name": "level_panel_lock_03_png"
		},
		{
			"url": "assets/train_level/level_panel_lock_04.png",
			"type": "image",
			"name": "level_panel_lock_04_png"
		},
		{
			"url": "assets/train_level/level_panel_lock_05.png",
			"type": "image",
			"name": "level_panel_lock_05_png"
		},
		{
			"url": "assets/train_level/level_panel_lock_06.png",
			"type": "image",
			"name": "level_panel_lock_06_png"
		},
		{
			"url": "assets/train_level/level_panel_lock_07.png",
			"type": "image",
			"name": "level_panel_lock_07_png"
		},
		{
			"url": "assets/train_level/level_panel_lock_08.png",
			"type": "image",
			"name": "level_panel_lock_08_png"
		},
		{
			"url": "assets/answer/process_done.png",
			"type": "image",
			"name": "process_done_png",
			"scale9grid": "13,0,30,0"
		},
		{
			"url": "assets/answer/process_undone.png",
			"type": "image",
			"name": "process_undone_png",
			"scale9grid": "13,0,30,0"
		},
		{
			"url": "assets/answer/answer_title_bg.png",
			"type": "image",
			"name": "answer_title_bg_png"
		},
		{
			"url": "assets/bg/bg_with_title.png",
			"type": "image",
			"name": "bg_with_title_png",
			"scale9grid": "0,455,0,538"
		},
		{
			"url": "assets/answer/notice.png",
			"type": "image",
			"name": "notice_png"
		},
		{
			"url": "assets/answer/option_error.png",
			"type": "image",
			"name": "option_error_png",
			"scale9grid": "129,5,397,114"
		},
		{
			"url": "assets/answer/option_normal.png",
			"type": "image",
			"name": "option_normal_png",
			"scale9grid": "129,5,397,114"
		},
		{
			"url": "assets/answer/option_select.png",
			"type": "image",
			"name": "option_select_png",
			"scale9grid": "129,5,397,114"
		},
		{
			"url": "assets/icon/icon_err.png",
			"type": "image",
			"name": "icon_err_png"
		},
		{
			"url": "assets/icon/icon_ok.png",
			"type": "image",
			"name": "icon_ok_png"
		},
		{
			"url": "assets/icon/icon_fail.png",
			"type": "image",
			"name": "icon_fail_png"
		},
		{
			"url": "assets/icon/icon_pass.png",
			"type": "image",
			"name": "icon_pass_png"
		},
		{
			"url": "assets/icon/icon_remove.png",
			"type": "image",
			"name": "icon_remove_png"
		},
		{
			"url": "assets/rank/rank_area_arrow.png",
			"type": "image",
			"name": "rank_area_arrow_png"
		},
		{
			"url": "assets/rank/rank_arrow.png",
			"type": "image",
			"name": "rank_arrow_png"
		},
		{
			"url": "assets/rank/rank_icon.png",
			"type": "image",
			"name": "rank_icon_png"
		},
		{
			"url": "assets/rank/rank_line.png",
			"type": "image",
			"name": "rank_line_png"
		},
		{
			"url": "assets/rank/rank_platform.png",
			"type": "image",
			"name": "rank_platform_png"
		},
		{
			"url": "assets/rank/rank_platform_line.png",
			"type": "image",
			"name": "rank_platform_line_png"
		},
		{
			"url": "assets/rank/rank_item_bg.png",
			"type": "image",
			"name": "rank_item_bg_png"
		},
		{
			"url": "assets/bg/favor_bg.png",
			"type": "image",
			"name": "favor_bg_png",
			"scale9grid": "0,455,0,538"
		},
		{
			"url": "assets/equip/equip_bg_mp4.png",
			"type": "image",
			"name": "equip_bg_mp4_png"
		},
		{
			"url": "assets/equip/equip_bg_pdf.png",
			"type": "image",
			"name": "equip_bg_pdf_png"
		},
		{
			"url": "assets/equip/equip_icon_01.png",
			"type": "image",
			"name": "equip_icon_01_png"
		},
		{
			"url": "assets/equip/equip_icon_02.png",
			"type": "image",
			"name": "equip_icon_02_png"
		},
		{
			"url": "assets/equip/equip_icon_03.png",
			"type": "image",
			"name": "equip_icon_03_png"
		},
		{
			"url": "assets/equip/equip_icon_04.png",
			"type": "image",
			"name": "equip_icon_04_png"
		},
		{
			"url": "assets/bg/ad_bg.png",
			"type": "image",
			"name": "ad_bg_png"
		},
		{
			"url": "assets/bg/equipment_bg.png",
			"type": "image",
			"name": "equipment_bg_png",
			"scale9grid": "0,455,0,538"
		},
		{
			"url": "assets/bg/home_bg.png",
			"type": "image",
			"name": "home_bg_png",
			"scale9grid": "0,455,0,538"
		},
		{
			"url": "assets/bg/train_bg.png",
			"type": "image",
			"name": "train_bg_png",
			"scale9grid": "0,455,0,538"
		},
		{
			"url": "assets/bg/level_bg.png",
			"type": "image",
			"name": "level_bg_png"
		},
		{
			"url": "assets/bg/sign_bg.png",
			"type": "image",
			"name": "sign_bg_png"
		},
		{
			"url": "assets/icon/sign_mark.png",
			"type": "image",
			"name": "sign_mark_png"
		},
		{
			"url": "assets/icon/ad_arrow.png",
			"type": "image",
			"name": "ad_arrow_png"
		},
		{
			"url": "assets/icon/icon_favor_not.png",
			"type": "image",
			"name": "icon_favor_not_png"
		},
		{
			"url": "assets/icon/play.png",
			"type": "image",
			"name": "play_png"
		},
		{
			"url": "assets/icon/pause.png",
			"type": "image",
			"name": "pause_png"
		},
		{
			"url": "assets/equip/equip_bg_img.png",
			"type": "image",
			"name": "equip_bg_img_png"
		},
		{
			"url": "assets/train_level/level_panel_pass_01.png",
			"type": "image",
			"name": "level_panel_pass_01_png"
		},
		{
			"url": "assets/train_level/level_panel_pass_02.png",
			"type": "image",
			"name": "level_panel_pass_02_png"
		},
		{
			"url": "assets/train_level/level_panel_pass_03.png",
			"type": "image",
			"name": "level_panel_pass_03_png"
		},
		{
			"url": "assets/train_level/level_panel_pass_04.png",
			"type": "image",
			"name": "level_panel_pass_04_png"
		},
		{
			"url": "assets/train_level/level_panel_pass_05.png",
			"type": "image",
			"name": "level_panel_pass_05_png"
		},
		{
			"url": "assets/train_level/level_panel_pass_06.png",
			"type": "image",
			"name": "level_panel_pass_06_png"
		},
		{
			"url": "assets/train_level/level_panel_pass_07.png",
			"type": "image",
			"name": "level_panel_pass_07_png"
		},
		{
			"url": "assets/train_level/level_panel_pass_08.png",
			"type": "image",
			"name": "level_panel_pass_08_png"
		},
		{
			"url": "assets/rank/E.png",
			"type": "image",
			"name": "E_png"
		},
		{
			"url": "assets/rank/N.png",
			"type": "image",
			"name": "N_png"
		},
		{
			"url": "assets/rank/S.png",
			"type": "image",
			"name": "S_png"
		},
		{
			"url": "assets/bg/rank_bg.png",
			"type": "image",
			"name": "rank_bg_png"
		},
		{
			"url": "assets/user/user_title.png",
			"type": "image",
			"name": "user_title_png"
		},
		{
			"url": "assets/rule/rule_border.png",
			"type": "image",
			"name": "rule_border_png",
			"scale9grid": "0,66,0,551"
		},
		{
			"url": "assets/timer_bg.png",
			"type": "image",
			"name": "timer_bg_png"
		},
		{
			"url": "assets/rank/rank_button.png",
			"type": "image",
			"name": "rank_button_png"
		},
		{
			"url": "assets/rank/rank_pk_icon.png",
			"type": "image",
			"name": "rank_pk_icon_png"
		},
		{
			"url": "assets/home/item_04.png",
			"type": "image",
			"name": "item_04_png"
		},
		{
			"url": "assets/pk/pk_btn.png",
			"type": "image",
			"name": "pk_btn_png"
		},
		{
			"url": "assets/pk/pk_person.png",
			"type": "image",
			"name": "pk_person_png"
		},
		{
			"url": "assets/pk/pk_team.png",
			"type": "image",
			"name": "pk_team_png"
		},
		{
			"url": "assets/pk/pk_time_bg.png",
			"type": "image",
			"name": "pk_time_bg_png"
		},
		{
			"url": "assets/pk/pk_cancel.png",
			"type": "image",
			"name": "pk_cancel_png"
		},
		{
			"url": "assets/pk/pk_avatar_left.png",
			"type": "image",
			"name": "pk_avatar_left_png"
		},
		{
			"url": "assets/pk/pk_avatar_right.png",
			"type": "image",
			"name": "pk_avatar_right_png"
		},
		{
			"url": "assets/pk/pk_vs.png",
			"type": "image",
			"name": "pk_vs_png"
		},
		{
			"url": "assets/pk/pk_line.png",
			"type": "image",
			"name": "pk_line_png"
		},
		{
			"name": "pk_end_wait_png",
			"type": "image",
			"url": "assets/pk/pk_end_wait.png"
		},
		{
			"name": "pk_notice_bg_png",
			"type": "image",
			"url": "assets/pk/pk_notice_bg.png"
		},
		{
			"name": "mask_png",
			"type": "image",
			"url": "assets/mask.png"
		},
		{
			"name": "loading_png",
			"type": "image",
			"url": "assets/loading.png"
		}
	]
}