{"5578":{"id":5578,"qattrid":60,"type":1,"title":"全球范围内，女性乳腺癌发病率最高的地区","result":"D","content":null,"options":[{"flag":"A","name":"全球范围内，女性乳腺癌发病率最高的地区全球范围内，女性乳腺癌发病率最高的地区"},{"flag":"B","name":"英国"},{"flag":"C","name":"中国"},{"flag":"D","name":"澳大利亚/新西兰"}]},"5579":{"id":5579,"qattrid":60,"type":1,"title":"截止至2015年，中国乳腺癌发病率为","result":"A","content":null,"options":[{"flag":"A","name":"test1"},{"flag":"B","name":"test2"},{"flag":"C","name":"test3"},{"flag":"D","name":"test4"}]},"5580":{"id":5580,"qattrid":60,"type":1,"title":"截止至2015年，中国乳腺癌死亡率为","result":"A","content":null,"options":[{"flag":"A","name":"test1"},{"flag":"B","name":"test2"},{"flag":"C","name":"test3"},{"flag":"D","name":"test4"}]},"5581":{"id":5581,"qattrid":60,"type":1,"title":"什么是中国女性发病率最高的癌症","result":"A","content":null,"options":[{"flag":"A","name":"test1"},{"flag":"B","name":"test2"},{"flag":"C","name":"test3"},{"flag":"D","name":"test4"}]},"5582":{"id":5582,"qattrid":60,"type":1,"title":"未来14","result":"A","content":null,"options":[{"flag":"A","name":"test1"},{"flag":"B","name":"test2"},{"flag":"C","name":"test3"},{"flag":"D","name":"test4"}]},"5583":{"id":5583,"qattrid":60,"type":1,"title":"未来14","result":"A","content":null,"options":[{"flag":"A","name":"test1"},{"flag":"B","name":"test2"},{"flag":"C","name":"test3"},{"flag":"D","name":"test4"}]},"5584":{"id":5584,"qattrid":60,"type":1,"title":"未来14","result":"A","content":null,"options":[{"flag":"A","name":"test1"},{"flag":"B","name":"test2"},{"flag":"C","name":"test3"},{"flag":"D","name":"test4"}]},"5587":{"id":5587,"qattrid":61,"type":1,"title":"未来10","result":"A","content":null,"options":[{"flag":"A","name":"test1"},{"flag":"B","name":"test2"},{"flag":"C","name":"test3"},{"flag":"D","name":"test4"}]},"5588":{"id":5588,"qattrid":61,"type":1,"title":"未来11","result":"A","content":null,"options":[{"flag":"A","name":"test1"},{"flag":"B","name":"test2"},{"flag":"C","name":"test3"},{"flag":"D","name":"test4"}]},"5589":{"id":5589,"qattrid":61,"type":1,"title":"未来12","result":"A","content":null,"options":[{"flag":"A","name":"test1"},{"flag":"B","name":"test2"},{"flag":"C","name":"test3"},{"flag":"D","name":"test4"}]},"5590":{"id":5590,"qattrid":61,"type":1,"title":"未来13","result":"A","content":null,"options":[{"flag":"A","name":"test1"},{"flag":"B","name":"test2"},{"flag":"C","name":"test3"},{"flag":"D","name":"test4"}]},"5591":{"id":5591,"qattrid":61,"type":1,"title":"未来14","result":"A","content":null,"options":[{"flag":"A","name":"test1"},{"flag":"B","name":"test2"},{"flag":"C","name":"test3"},{"flag":"D","name":"test4"}]},"5592":{"id":5592,"qattrid":61,"type":1,"title":"未来14","result":"A","content":null,"options":[{"flag":"A","name":"test1"},{"flag":"B","name":"test2"},{"flag":"C","name":"test3"},{"flag":"D","name":"test4"}]},"5594":{"id":5594,"qattrid":62,"type":1,"title":"未来14","result":"A","content":null,"options":[{"flag":"A","name":"test1"},{"flag":"B","name":"test2"},{"flag":"C","name":"test3"},{"flag":"D","name":"test4"}]},"5595":{"id":5595,"qattrid":62,"type":1,"title":"未来14","result":"A","content":null,"options":[{"flag":"A","name":"test1"},{"flag":"B","name":"test2"},{"flag":"C","name":"test3"},{"flag":"D","name":"test4"}]},"5596":{"id":5596,"qattrid":62,"type":1,"title":"未来14","result":"A","content":null,"options":[{"flag":"A","name":"test1"},{"flag":"B","name":"test2"},{"flag":"C","name":"test3"},{"flag":"D","name":"test4"}]},"5597":{"id":5597,"qattrid":62,"type":1,"title":"未来14","result":"A","content":null,"options":[{"flag":"A","name":"test1"},{"flag":"B","name":"test2"},{"flag":"C","name":"test3"},{"flag":"D","name":"test4"}]},"5598":{"id":5598,"qattrid":62,"type":1,"title":"未来14","result":"A","content":null,"options":[{"flag":"A","name":"test1"},{"flag":"B","name":"test2"},{"flag":"C","name":"test3"},{"flag":"D","name":"test4"}]},"5599":{"id":5599,"qattrid":62,"type":1,"title":"未来14","result":"A","content":null,"options":[{"flag":"A","name":"test1"},{"flag":"B","name":"test2"},{"flag":"C","name":"test3"},{"flag":"D","name":"test4"}]},"5600":{"id":5600,"qattrid":62,"type":1,"title":"未来14","result":"A","content":null,"options":[{"flag":"A","name":"test1"},{"flag":"B","name":"test2"},{"flag":"C","name":"test3"},{"flag":"D","name":"test4"}]},"5601":{"id":5601,"qattrid":62,"type":1,"title":"未来14","result":"A","content":null,"options":[{"flag":"A","name":"test1"},{"flag":"B","name":"test2"},{"flag":"C","name":"test3"},{"flag":"D","name":"test4"}]},"5602":{"id":5602,"qattrid":63,"type":1,"title":"未来14","result":"A","content":null,"options":[{"flag":"A","name":"test1"},{"flag":"B","name":"test2"},{"flag":"C","name":"test3"},{"flag":"D","name":"test4"}]},"5603":{"id":5603,"qattrid":63,"type":1,"title":"未来14","result":"A","content":null,"options":[{"flag":"A","name":"test1"},{"flag":"B","name":"test2"},{"flag":"C","name":"test3"},{"flag":"D","name":"test4"}]},"5604":{"id":5604,"qattrid":63,"type":1,"title":"未来14","result":"A","content":null,"options":[{"flag":"A","name":"test1"},{"flag":"B","name":"test2"},{"flag":"C","name":"test3"},{"flag":"D","name":"test4"}]},"5605":{"id":5605,"qattrid":63,"type":1,"title":"未来14","result":"A","content":null,"options":[{"flag":"A","name":"test1"},{"flag":"B","name":"test2"},{"flag":"C","name":"test3"},{"flag":"D","name":"test4"}]},"5606":{"id":5606,"qattrid":63,"type":1,"title":"未来14","result":"A","content":null,"options":[{"flag":"A","name":"test1"},{"flag":"B","name":"test2"},{"flag":"C","name":"test3"},{"flag":"D","name":"test4"}]},"5607":{"id":5607,"qattrid":63,"type":1,"title":"未来14","result":"A","content":null,"options":[{"flag":"A","name":"test1"},{"flag":"B","name":"test2"},{"flag":"C","name":"test3"},{"flag":"D","name":"test4"}]},"5608":{"id":5608,"qattrid":63,"type":1,"title":"未来14","result":"A","content":null,"options":[{"flag":"A","name":"test1"},{"flag":"B","name":"test2"},{"flag":"C","name":"test3"},{"flag":"D","name":"test4"}]},"5609":{"id":5609,"qattrid":63,"type":1,"title":"未来14","result":"A","content":null,"options":[{"flag":"A","name":"test1"},{"flag":"B","name":"test2"},{"flag":"C","name":"test3"},{"flag":"D","name":"test4"}]},"5610":{"id":5610,"qattrid":60,"type":1,"title":"未来10","result":"A","content":null,"options":[{"flag":"A","name":"test1"},{"flag":"B","name":"test2"},{"flag":"C","name":"test3"},{"flag":"D","name":"test4"}]},"5611":{"id":5611,"qattrid":60,"type":1,"title":"未来10","result":"A","content":null,"options":[{"flag":"A","name":"test1"},{"flag":"B","name":"test2"},{"flag":"C","name":"test3"},{"flag":"D","name":"test4"}]},"5612":{"id":5612,"qattrid":60,"type":1,"title":"未来10","result":"A","content":null,"options":[{"flag":"A","name":"test1"},{"flag":"B","name":"test2"},{"flag":"C","name":"test3"},{"flag":"D","name":"test4"}]},"5613":{"id":5613,"qattrid":60,"type":1,"title":"未来11","result":"A","content":null,"options":[{"flag":"A","name":"test1"},{"flag":"B","name":"test2"},{"flag":"C","name":"test3"},{"flag":"D","name":"test4"}]},"5614":{"id":5614,"qattrid":61,"type":1,"title":"未来511","result":"A","content":null,"options":[{"flag":"A","name":"test1"},{"flag":"B","name":"test2"},{"flag":"C","name":"test3"},{"flag":"D","name":"test4"}]},"5615":{"id":5615,"qattrid":61,"type":1,"title":"测试1","result":"A","content":null,"options":[{"flag":"A","name":"test1"},{"flag":"B","name":"test2"},{"flag":"C","name":"test3"},{"flag":"D","name":"test4"}]},"5616":{"id":5616,"qattrid":61,"type":1,"title":"测试2","result":"A","content":null,"options":[{"flag":"A","name":"test1"},{"flag":"B","name":"test2"},{"flag":"C","name":"test3"},{"flag":"D","name":"test4"}]},"5617":{"id":5617,"qattrid":61,"type":2,"title":"测试2","result":"A,B,C,D","content":null,"options":[{"flag":"A","name":"test1"},{"flag":"B","name":"test2"},{"flag":"C","name":"test3"},{"flag":"D","name":"test4"}]},"5618":{"id":5618,"qattrid":61,"type":2,"title":"测试2","result":"A,B,C,D","content":null,"options":[{"flag":"A","name":"test1"},{"flag":"B","name":"test2"},{"flag":"C","name":"test3"},{"flag":"D","name":"test4"}]},"5619":{"id":5619,"qattrid":61,"type":2,"title":"测试2","result":"A,B,C","content":null,"options":[{"flag":"A","name":"test1"},{"flag":"B","name":"test2"},{"flag":"C","name":"test3"},{"flag":"D","name":"test4"}]},"5620":{"id":5620,"qattrid":61,"type":2,"title":"测试2","result":"A,B,C","content":null,"options":[{"flag":"A","name":"test1"},{"flag":"B","name":"test2"},{"flag":"C","name":"test3"},{"flag":"D","name":"test4"}]},"5621":{"id":5621,"qattrid":62,"type":1,"title":"测试2","result":"A","content":null,"options":[{"flag":"A","name":"test1"},{"flag":"B","name":"test2"},{"flag":"C","name":"test3"},{"flag":"D","name":"test4"}]},"5622":{"id":5622,"qattrid":62,"type":2,"title":"测试2","result":"A,B","content":null,"options":[{"flag":"A","name":"test1"},{"flag":"B","name":"test2"},{"flag":"C","name":"test3"},{"flag":"D","name":"test4"}]},"5623":{"id":5623,"qattrid":62,"type":1,"title":"测试2","result":"A","content":null,"options":[{"flag":"A","name":"test1"},{"flag":"B","name":"test2"},{"flag":"C","name":"test3"},{"flag":"D","name":"test4"}]},"5624":{"id":5624,"qattrid":62,"type":1,"title":"测试2","result":"A","content":null,"options":[{"flag":"A","name":"test1"},{"flag":"B","name":"test2"},{"flag":"C","name":"test3"},{"flag":"D","name":"test4"}]},"5625":{"id":5625,"qattrid":62,"type":1,"title":"测试2","result":"A","content":null,"options":[{"flag":"A","name":"test1"},{"flag":"B","name":"test2"},{"flag":"C","name":"test3"},{"flag":"D","name":"test4"}]},"5626":{"id":5626,"qattrid":62,"type":1,"title":"测试2","result":"A","content":null,"options":[{"flag":"A","name":"test1"},{"flag":"B","name":"test2"},{"flag":"C","name":"test3"},{"flag":"D","name":"test4"}]},"5627":{"id":5627,"qattrid":63,"type":1,"title":"测试2","result":"A","content":null,"options":[{"flag":"A","name":"test1"},{"flag":"B","name":"test2"},{"flag":"C","name":"test3"},{"flag":"D","name":"test4"}]},"5628":{"id":5628,"qattrid":63,"type":1,"title":"测试2","result":"A","content":null,"options":[{"flag":"A","name":"test1"},{"flag":"B","name":"test2"},{"flag":"C","name":"test3"},{"flag":"D","name":"test4"}]},"5629":{"id":5629,"qattrid":63,"type":1,"title":"测试2","result":"A","content":null,"options":[{"flag":"A","name":"test1"},{"flag":"B","name":"test2"},{"flag":"C","name":"test3"},{"flag":"D","name":"test4"}]},"5630":{"id":5630,"qattrid":63,"type":1,"title":"测试2","result":"A","content":null,"options":[{"flag":"A","name":"test1"},{"flag":"B","name":"test2"},{"flag":"C","name":"test3"},{"flag":"D","name":"test4"}]},"5631":{"id":5631,"qattrid":63,"type":1,"title":"测试2","result":"A","content":null,"options":[{"flag":"A","name":"test1"},{"flag":"B","name":"test2"},{"flag":"C","name":"test3"},{"flag":"D","name":"test4"}]},"5632":{"id":5632,"qattrid":63,"type":1,"title":"测试2","result":"A","content":null,"options":[{"flag":"A","name":"test1"},{"flag":"B","name":"test2"},{"flag":"C","name":"test3"},{"flag":"D","name":"test4"}]},"5633":{"id":5633,"qattrid":63,"type":1,"title":"测试2","result":"A","content":null,"options":[{"flag":"A","name":"test1"},{"flag":"B","name":"test2"},{"flag":"C","name":"test3"},{"flag":"D","name":"test4"}]},"5634":{"id":5634,"qattrid":63,"type":1,"title":"测试2","result":"A","content":null,"options":[{"flag":"A","name":"test1"},{"flag":"B","name":"test2"},{"flag":"C","name":"test3"},{"flag":"D","name":"test4"}]},"5635":{"id":5635,"qattrid":63,"type":1,"title":"测试2","result":"A","content":null,"options":[{"flag":"A","name":"test1"},{"flag":"B","name":"test2"},{"flag":"C","name":"test3"},{"flag":"D","name":"test4"}]},"5636":{"id":5636,"qattrid":60,"type":1,"title":"测试2","result":"A","content":null,"options":[{"flag":"A","name":"test1"},{"flag":"B","name":"test2"},{"flag":"C","name":"test3"},{"flag":"D","name":"test4"}]},"5662":{"id":5662,"qattrid":62,"type":1,"title":"着装应考虑？","result":"B","content":"暂无分析","options":[{"flag":"A","name":"符合身体"},{"flag":"B","name":"扬长避短"},{"flag":"C","name":"遵守惯例"},{"flag":"D","name":"区分场合"}]},"5663":{"id":5663,"qattrid":61,"type":1,"title":"着装应考虑？","result":"B","content":"暂无分析","options":[{"flag":"A","name":"符合身体"},{"flag":"B","name":"错误"},{"flag":"C","name":"5"},{"flag":"D","name":""}]},"5664":{"id":5664,"qattrid":62,"type":1,"title":"着装应考虑？4444","result":"A","content":"暂无分析","options":[{"flag":"A","name":"正确"},{"flag":"B","name":"错误"},{"flag":"C","name":""},{"flag":"D","name":""}]}}